,State,Year,RICE_Y,Tmax,Tmin,Temp,Rainfall,TempDetrended,PrecipDetrended,Log_Y,Tmax_sqd,Tmin_sqd,Temp_sqd,Precip_sqd,TempDetrended_sqd,PrecipDetrended_sqd,time,time_sq
0,Bihar,1971,1048.8385003918838,30.074467808930336,20.623533229491223,25.349000519210623,1449.2611111111112,24.686631023546607,1733.922087877351,6.955438640768755,904.4736139903871,425.33012286792865,642.5718273229404,2100357.7681790125,609.4297512927337,3006485.8068289524,0,0
1,Bihar,1972,1004.2716444905353,31.63759086188989,21.10346573208723,26.37052829698857,751.2388888888888,25.70393448354883,1036.9105421210681,6.912017825897881,1000.9371555443387,445.35626590538,695.404762662275,564359.8681790122,660.6922479345708,1075183.4723618075,1,1
2,Bihar,1973,812.16730703079,30.781126687435066,21.271625129802594,26.0263759086188,1279.3694444444443,25.35555777740334,1566.0517741425633,6.699706362079072,947.4777601479273,452.4820356628492,677.3722429367331,1636786.175378086,642.9043102032391,2452518.15929507,2,4
3,Bihar,1974,909.1728040845834,31.18369678089304,20.886954828660322,26.035325804776587,1241.447222222222,25.360283355785405,1529.1402283862808,6.81253517961349,972.422944922679,436.2648820144967,677.8381897608656,1541191.2055632712,643.1439718857263,2338269.838069247,3,9
4,Bihar,1975,795.9567905746153,30.871066978193006,20.809060228452765,25.840063603322967,1072.161111111111,25.160796836556067,1360.8647937411092,6.679544901173277,953.0227763720787,433.01698759137463,667.7088870237764,1149529.4481790122,633.0656974504498,1851952.9868440318,4,16
5,Bihar,1976,939.5536284751612,31.335345275181698,20.738317757009348,26.036831516095557,1127.0333333333338,25.353340431552933,1416.7476924292716,6.845404899156459,981.903863514852,430.0778233906892,677.9165953975469,1270204.1344444454,642.7918710382166,2007174.0240036661,5,25
6,Bihar,1977,961.69724591648,30.92179387331241,21.395911214953248,26.158852544132827,1158.9083333333333,25.471137141814484,1449.6333688952109,6.868699687948587,956.1573363436208,457.7850167181622,684.2855664256845,1343068.5250694444,648.7788272971213,2101436.9042144786,6,36
7,Bihar,1978,993.7385859639969,30.893198338525263,21.497923156801612,26.19556074766355,1136.1861111111111,25.503621027569483,1427.9218231389284,6.901474180080186,954.3897035834601,462.160700055747,686.2074028845312,1290918.87908179,650.4346855178843,2038960.7329964011,7,49
8,Bihar,1979,763.7485970819304,32.20538681204561,21.854698857736178,27.03004283489086,1021.3194444444445,26.333878797021075,1314.0658329382013,6.6382386736028485,1037.1869397134813,477.627862162335,730.6232156560347,1043093.4076003087,693.4731724961962,1726769.0132955688,8,64
9,Bihar,1980,1005.4988216810683,30.904205607476563,21.45159657320859,26.177901090342726,1300.6472222222228,25.477512734697218,1594.4042871819192,6.913239037338394,955.0699242291859,460.17099553969456,685.2825054957668,1691683.1966743842,649.1036551466589,2542125.030984084,9,81
10,Bihar,1981,857.8287543344892,31.34461318795432,20.809345794392442,26.07697949117334,1094.6083333333333,25.372366817752113,1389.3760747589695,6.754404492545082,982.4847759024799,433.0288723905984,680.008859383075,1198167.4034027779,643.7569979345685,1930365.8771126415,10,100
11,Bihar,1982,755.2445744388605,31.35632139148486,20.672702492211833,26.014511941848482,796.9694444444443,25.305674950651532,1092.7478623360198,6.627041636446023,983.2188912060911,427.36062833150135,676.7548315725774,635160.2953780863,640.3771847080325,1194097.890639941,11,121
12,Bihar,1983,1024.0184486126818,31.73097092419507,21.04066718587754,26.385819055036265,1067.6583333333333,25.672757746063596,1364.4474276908486,6.9314898216604846,1006.8545157921129,442.7096756268638,696.2114472051148,1139894.316736111,659.0904902880684,1861716.7829321735,12,144
13,Bihar,1984,1085.4217967517916,30.64592419522317,20.492834890965714,25.569379543094463,1335.3083333333334,24.852093916346075,1633.1081041567884,6.9897239431964096,939.1726697793649,419.9562818683817,653.7931702188176,1783048.3450694445,617.6265720268856,2667042.0798625797,13,169
14,Bihar,1985,1205.3606549154297,30.88718847352016,20.833657840082992,25.860423156801644,1392.827777777778,25.138913212277533,1691.6382250671725,7.094534099828842,954.0184117987566,434.04129899765155,668.7614858488428,1939969.2185493833,631.9649574944219,2861639.8845084137,14,196
15,Bihar,1986,1227.2906911921357,30.89588525441321,20.771495327102816,25.83369029075804,1294.1083333333331,25.107956028458208,1593.9294570886673,7.112564328788693,954.5557256538675,431.45501812385413,667.3795540388062,1674716.3784027772,630.4094559269909,2540611.1141749737,15,225
16,Bihar,1987,942.917096817631,31.655841121495307,21.239524922118388,26.447683021806757,1634.516666666667,25.717724441731203,1935.348466887941,6.848978364471453,1002.0922771093533,451.11741891728815,699.4799372219654,2671644.7336111125,661.4013504608185,3745573.6882855035,16,256
17,Bihar,1988,1304.8878004238327,31.394106957424555,20.910539979231554,26.1523234683282,1123.386111111111,25.418140570476925,1425.2285877983245,7.173872339373868,985.5899516542128,437.25068222304117,683.9440227920699,1261996.3546373453,646.081870060525,2031276.5274776064,17,289
18,Bihar,1989,1282.3910012876586,30.979465212876327,20.4250389408101,25.702252076843205,1201.5833333333333,24.96384486121621,1504.4364864864863,7.156481584183744,959.7272648758145,417.182215733609,660.6057618215908,1443802.5069444443,623.193550254871,2263329.1418718034,18,324
19,Bihar,1990,1295.662425091648,31.120353063343845,20.367614226375927,25.743983644859778,1036.5166666666667,25.001352111457063,1340.3804962857594,7.1667773685165335,968.4763747871747,414.8397092744711,662.7526939068077,1074366.8002777777,625.0676074010586,1796619.8748232585,19,361
20,Bihar,1991,1021.4198050643641,31.049922118380028,20.61606957424712,25.832995846313523,997.633333333333,25.086139995135085,1302.5078394183654,6.928948904141442,964.0976635574652,425.0223246901978,667.3436743956518,995272.267777777,629.3144198555161,1696526.6717462984,20,400
21,Bihar,1992,845.394820605536,31.541095534787143,20.651648494288644,26.09637201453794,812.8055555555553,25.345291845583784,1118.690738106527,6.739803761553165,994.8407075345694,426.4905855316544,681.020632321159,660652.8711419749,642.3838187378159,1251468.9675253264,21,441
22,Bihar,1993,1415.2957069948966,31.164434060228253,20.732801142263703,25.94861760124614,1145.0972222222222,25.19331311451626,1451.9930812391337,7.255093768452424,971.2219502943148,429.84904320465114,673.3307554157011,1311247.6483410492,634.703025686057,2108283.9079663134,22,484
23,Bihar,1994,1359.7446973115852,31.069924714434,21.20976116303219,26.1398429387331,896.2388888888887,25.3803141342275,1204.1454243717399,7.2150522385430005,965.3402217605966,449.8539685928686,683.2913888616347,803244.1459567898,644.1603455520683,1449966.2030353975,23,529
24,Bihar,1995,1375.60535748396,31.443470924195285,20.870612668743505,26.157041796469343,1146.0194444444446,25.39328867418802,1454.9366563932354,7.226649173203013,988.6918637607143,435.5824731687169,684.1908355422441,1313360.5670447536,644.8191096906456,2116840.6741167274,24,576
25,Bihar,1996,1578.8607001429207,31.1993380062304,20.462331256490092,25.830834631360375,1145.7138888888887,25.062857191303333,1455.6417773036192,7.364458790061862,973.3986920270127,418.7070004503314,667.2320177526865,1312660.3151929008,628.1468105916653,2118892.9838316394,25,625
26,Bihar,1997,1489.7952421058446,30.615641225337335,21.345314122533754,25.980477673935585,1320.9305555555557,25.208275916102824,1631.8691204362258,7.306393968090845,937.3174876385749,455.6224349896389,674.9852201658654,1744857.532600309,635.4571746623697,2662996.8262333013,26,676
27,Bihar,1998,1453.8617735389723,31.3041666666667,22.47589563862915,26.89003115264793,1282.583333333333,26.113605077039445,1594.5325746799426,7.281978587232539,979.9508506944464,505.1658847585489,723.0737753903761,1645020.0069444436,681.9203701195803,2542534.1317154467,27,729
28,Bihar,1999,2155.2004439546354,30.711773104880567,21.327622014537965,26.019697559709158,1490.4416666666666,25.239047166324955,1803.401584479216,7.675639011648393,943.2130072456654,454.86746079500443,677.0246610987347,2221416.361736111,637.0095018639757,3252257.2749021463,28,784
29,Bihar,2000,1488.651900464862,31.21801661474563,21.062655763239835,26.140336188992613,1073.9555555555553,25.355461477832687,1387.9261498340443,7.305626224604112,974.5645613585341,443.63546780074023,683.3171760735569,1153380.5353086414,642.8994267538574,1926338.9973931538,29,841
30,Bihar,2001,1464.8085585585586,30.607061266874226,21.29894859813083,25.95300493250262,1110.5833333333333,25.163905903566974,1425.564604077762,7.28947983616038,936.7921993941925,453.6452113858193,673.5584650265052,1233395.3402777775,633.2221603235728,2032234.4403993862,30,900
31,Bihar,2002,1418.4100418410042,31.219418483904406,21.285799584631405,26.252609034267838,969.502777777778,25.45928568755647,1285.4947249881461,7.257291834431077,974.652090473152,453.0852639570945,689.1994811061213,939935.6361188275,648.1752277206177,1652496.6879723493,31,961
32,Bihar,2003,1522.5937540176303,30.809865005192187,21.466329179646973,26.13809709241952,1121.3472222222226,25.340549427932434,1438.3498458985305,7.328170576681661,949.2477816381661,460.8032884489631,683.2001196127499,1257419.5927854946,642.1434453094868,2068850.2791963264,32,1024
33,Bihar,2004,787.2756455167317,30.971365524402767,20.813564382139138,25.892464953270977,895.5666666666665,25.090692971008167,1213.579966808914,6.66857843552769,959.2254824461643,433.20446228945093,670.4197413563659,802039.6544444441,629.5428737653987,1472776.3358399246,33,1089
34,Bihar,2005,1140.8785571043663,31.70229750778809,21.243263239875546,26.472780373831846,1078.9861111111109,25.666784073793316,1398.0100877192979,7.039553908706064,1005.0356672723069,451.2762330786477,700.8081007211366,1164211.0279706784,658.7838046907302,1954432.205364919,34,1156
35,Bihar,2006,1494.6240075147964,31.450636033229454,21.340212876427827,26.39542445482862,1110.3916666666664,25.58520383701437,1430.4263197407931,7.309629954203258,989.142506894671,455.40468561125607,696.7184321505648,1232969.6534027772,654.6026553815748,2046119.4562071897,35,1225
36,Bihar,2007,1262.2807883858407,31.035501038421593,21.136357736240786,26.0859293873312,1304.2416666666668,25.271484451741227,1625.2869962067332,7.140675513111857,963.2023247058678,446.7456183543457,680.4757120008294,1701046.3250694447,638.6479263945986,2641557.8200387056,36,1296
37,Chhattisgarh,1971,831.6662840651952,29.556791277258593,19.74012461059194,24.648457943925244,1288.4533333333336,23.593502036222183,1364.4058511142723,6.723431259475554,873.6039106074297,389.67251964169765,607.5464790134515,1660111.9921777784,556.6533383332203,1861603.3265548619,0,0
38,Chhattisgarh,1972,735.2989192542527,31.0283489096574,20.817850467289734,25.923099688473492,1102.3600000000001,24.868001588652096,1179.2566571834993,6.600277109398639,962.7584360594375,433.3828980784354,672.0070974585344,1215197.5696000003,618.4175030132031,1390646.2635116014,1,1
39,Chhattisgarh,1973,818.102726042405,30.283489096573142,20.634423676012446,25.458956386292897,1406.1200000000001,24.40371609435316,1483.9607965860596,6.706987910676923,917.0897118622644,425.779440441183,648.1584602791639,1977173.4544000004,595.5413592137915,2202139.6458043326,2,4
40,Chhattisgarh,1974,580.4374555102569,31.178286604361336,20.37781931464174,25.7780529595015,938.7733333333332,24.72267047544343,1017.5582693219532,6.363782052887587,972.0855555836976,415.255520020186,664.5080143828641,881295.3713777775,611.2104354373622,1035424.8314654885,3,9
41,Chhattisgarh,1975,873.7988468930173,30.423894080996885,20.254174454828625,25.339034267912677,1427.7933333333333,24.28350959173627,1507.5224087245138,6.772850196870112,925.6133310517173,410.2315828466324,642.0666576304529,2038593.802711111,589.6888380919474,2272623.8128065597,4,16
42,Chhattisgarh,1976,629.6485950201625,31.542056074766293,21.248753894080973,26.395404984423656,1226.5866666666666,25.339738116128913,1307.2598814604075,6.445161878082992,994.9013014237012,451.50954205122133,696.7174042917372,1504514.8508444442,642.1023277939964,1708928.3976758788,5,25
43,Chhattisgarh,1977,1015.5687488157646,30.742274143302147,21.09710280373835,25.919688473520253,1254.3666666666663,24.86387941310717,1335.9840208629676,6.923204078202852,945.0874195019437,445.08774671150445,671.8302505643387,1573435.7344444436,618.2124994695346,1784853.304001182,6,36
44,Chhattisgarh,1978,760.6893339543549,30.47059190031155,20.747788161993768,25.60919003115273,1334.9533333333334,24.55323877862131,1417.514826932195,6.634225040548777,928.4569707553319,430.4707136149687,655.8306140516922,1782100.4021777778,602.8615345199933,2009348.284572611,7,49
45,Chhattisgarh,1979,466.35406639133,32.1406542056075,21.456791277258553,26.79872274143299,804.0666666666667,25.742629296783235,887.5722996680889,6.144945144747444,1033.021652764435,460.3938919158387,718.1715405721977,646523.2044444445,662.6829631116025,787784.5871380998,8,64
46,Chhattisgarh,1980,863.1473681020636,30.693364485981352,20.656510903426764,25.674937694704077,1426.4599999999998,24.618702057935987,1510.9097724039825,6.760585439079972,942.0826234693013,426.69144270338876,659.2024256269364,2034788.1315999995,606.0804910174217,2282848.3403458544,9,81
47,Chhattisgarh,1981,853.5897358124298,30.914454828660556,20.475327102803757,25.69489096573208,1140.7733333333333,24.638513136845653,1226.1672451398763,6.749450675328123,955.7035173532939,419.2390199668101,660.22742174086,1301363.7980444443,607.0563295945158,1503486.1130539135,10,100
48,Chhattisgarh,1982,730.8604439039221,31.530031152648004,20.997570093457963,26.26380062305294,1038.34,25.207280602048176,1124.6780512091034,6.594222530311768,994.1428644869536,440.8979498296802,689.787223167476,1078149.9555999998,635.4069953503943,1264900.7188715066,11,121
49,Chhattisgarh,1983,1008.664781274445,30.876417445482872,20.482367601246132,25.67939252336449,1164.3533333333332,24.62273031024139,1251.6355239449972,6.916382736485891,953.353154267719,419.52738255257725,659.4312003690281,1355718.6848444443,606.27884793088,1566591.4848010677,12,144
50,Chhattisgarh,1984,882.6512241958712,30.6697196261682,20.000093457943915,25.33490654205603,1122.4533333333334,24.278102136814592,1210.6796633475578,6.782930132989376,940.6317019477668,400.003738326491,641.8574894947134,1259901.485511111,589.4262433656013,1465745.247243356,13,169
51,Chhattisgarh,1985,1291.0427925932488,30.45236760124612,20.134299065420556,25.293333333333408,1184.0400000000002,24.236386735973635,1273.210469416785,7.163205537154965,927.3466925214244,405.3899988557951,639.7527111111149,1401950.7216000005,587.4024420156787,1621064.89943251,14,196
52,Chhattisgarh,1986,952.7946713003186,30.770436137071695,20.712803738317703,25.7416199376947,1193.3066666666668,24.68453114821659,1283.421275486012,6.859399425351563,946.8197400656077,429.0202387020678,662.6309970167213,1423980.8007111116,609.326078007275,1647170.170370142,15,225
53,Chhattisgarh,1987,932.2033898305085,31.369844236760088,20.884672897196264,26.127258566978206,1033.14,25.07002758538176,1124.1987482219058,6.837551020308888,984.0671274385901,436.1695620228842,682.633640225736,1067378.2596000002,628.5062831318023,1263822.8255037,16,256
54,Chhattisgarh,1988,1022.2170860659289,31.205171339563854,20.395545171339528,25.80035825545172,1046.7466666666667,24.742985081736936,1138.7495542911329,6.929729161187567,973.7627183315374,415.97826283615115,665.6584861096557,1095678.5841777779,612.2153107550566,1296750.5473982538,17,289
55,Chhattisgarh,1989,1025.5045401497252,31.001775700934548,20.36186915887853,25.681822429906546,1155.6466666666668,24.624307064073427,1248.5936936936932,6.932940004757365,961.1100966110558,414.60571564328865,659.556003321251,1335519.218177778,606.3564983857765,1558986.2119316603,18,324
56,Chhattisgarh,1990,1208.0058387603863,30.203987538940826,20.459314641744584,25.331651090342714,1532.5666666666668,24.273993532391255,1626.4578330962538,7.096726211893995,912.2808632524927,418.5835556099043,641.6925469628612,2348760.5877777785,589.2267620105725,2645365.0828401614,19,361
57,Chhattisgarh,1991,1195.1861181080324,30.70542056074764,19.911744548286585,25.3085825545171,1140.4133333333332,24.250782804447304,1235.2486391654807,7.0860571996089865,942.822851812384,396.4775709562205,640.5243509188073,1300542.5708444442,588.1004666284771,1525839.2005601719,20,400
58,Chhattisgarh,1992,1142.0608155188272,31.71987538940811,19.880062305295954,25.799968847351973,1144.5333333333333,24.742026905163844,1240.3127785680413,7.04058964231715,1006.1504947195782,395.2168772624491,665.6383925243323,1309956.551111111,612.1678953758516,1538375.788679175,21,441
59,Chhattisgarh,1993,1263.6634828539368,31.045950155763173,20.028971962616826,25.53746105919005,1170.4533333333336,24.479376924883585,1267.1769179706018,7.1417703073414405,963.8510210741314,401.1597178792909,652.1619173496482,1369961.0055111118,599.2398946305229,1605737.3414374734,22,484
60,Chhattisgarh,1994,1338.7826086956522,30.04118380062299,20.162429906542073,25.101806853582556,1802.8200000000002,24.043580527157754,1900.487724039829,7.199515979034432,902.472724142813,406.5235797362222,630.1007073145641,3250159.9524000008,578.0937645659195,3611853.589226089,23,529
61,Chhattisgarh,1995,1243.3630696474636,31.3917757009346,20.899501557632362,26.145638629283503,1183.4200000000003,25.087270110740363,1282.0318634423895,7.125575140290293,985.443581657788,436.78916535747754,683.5944193330818,1400482.8964000007,629.3711216092468,1643605.6988815656,24,576
62,Chhattisgarh,1996,1324.0675580577058,30.82140186915892,20.337725856697798,25.579563862928406,1139.9066666666668,24.52105315226693,1239.4626695116165,7.188463760918529,949.9588131801929,413.62309302219415,654.3140874176328,1299387.2087111112,601.2820476963,1536267.7091128626,25,625
63,Chhattisgarh,1997,875.023207702305,30.79523364485979,21.474766355140215,26.13499999999997,1363.76,25.076347097220157,1464.26014224751,6.774250409094232,948.3464152415042,461.16559000786214,683.0382249999984,1859841.3376,628.8231837402618,2144057.764174698,26,676
64,Chhattisgarh,1998,1073.906526774765,31.17735202492213,21.36149532710283,26.269423676012504,1156.3,25.210628581114356,1257.7442816500704,6.979058238483066,972.0272792859159,456.31348260983606,690.0826202698463,1337029.69,635.5757934549001,1581920.6780234517,27,729
65,Chhattisgarh,1999,1295.2438540078658,30.427133956386204,20.325825545171323,25.37647975077875,1238.8133333333333,24.317542463762262,1341.2017543859643,7.166454260659796,925.8104807998703,413.13918409273913,643.9657245416839,1534658.4748444443,591.3428714768808,1798822.1459679883,28,784
66,Chhattisgarh,2000,628.5044671278808,31.394112149532653,19.70236760124611,25.54823987538936,861.6866666666667,24.489160396254537,965.0192271218582,6.443343135607082,985.5902776574337,388.18328909463236,652.7125607304349,742503.9115111112,599.7189769134817,931262.1087148685,29,841
67,Chhattisgarh,2001,1331.6475570022317,30.947570093457898,20.15015576323991,25.548862928348967,1482.9133333333332,24.48964125709581,1587.1900331910851,7.194172219243241,957.7520946894897,406.0287772828305,652.7443969315642,2199031.9541777773,599.7425289012492,2519172.201461118,30,900
68,Chhattisgarh,2002,697.4839477518382,31.64112149532703,20.035077881619955,25.838099688473513,901.3399999999999,24.778735825102018,1006.5608392603122,6.547479499454836,1001.1605694820463,401.40434572257715,667.607395511495,812413.7955999998,613.9857490901942,1013164.7231324239,31,961
69,Chhattisgarh,2003,1454.0728169995475,30.861993769470352,20.679376947040502,25.770685358255438,1379.053333333333,24.711179302765608,1485.2183119962058,7.282123737306844,952.4626594268268,427.63663091779017,664.1282238342012,1901788.096177777,610.6423825334314,2205873.434288859,32,1024
70,Chhattisgarh,2004,1193.2815521048612,30.995015576323976,19.705233644859817,25.35012461059193,1085.2133333333334,24.29047636298376,1192.3224513987666,7.084462397694274,960.6909905765659,388.2962329985153,642.6288177725387,1177687.9788444445,590.0272419406728,1421632.828109564,33,1089
71,Chhattisgarh,2005,1193.2791691706536,30.90968847352017,20.39781931464173,25.653753894081007,1133.4533333333334,24.5939634543545,1241.506590801327,7.084460400733387,955.4088415300656,416.0710327927712,658.1150888580764,1284716.4588444445,604.8630383941248,1541338.615003134,34,1156
72,Chhattisgarh,2006,1366.638387077525,31.035887850467333,20.717912772585667,25.876900311526487,1047.2733333333333,24.816967679681646,1156.2707302038873,7.2201092714279005,963.2263346667858,429.2319096524683,669.6139697326796,1096781.434711111,615.8818848143634,1336962.0015262307,35,1225
73,Chhattisgarh,2007,1443.793076942786,31.11523364485982,20.45644859813079,25.78584112149536,1181.0799999999997,24.725766297532182,1291.0215362731142,7.275029010668482,968.1577647742165,418.4662892479672,664.909602343001,1394949.9663999993,611.3635190001784,1666736.607120992,36,1296
74,Jharkhand,1971,775.5093792761012,29.483432455395004,20.326593033135072,24.905012744265075,1581.2545454545455,24.048884317846422,1989.2275766196817,6.6535200770323035,869.2727893518395,413.17038433469526,620.2596597920058,2500365.937520661,578.3488369331595,3957026.3515842115,0,0
75,Jharkhand,1972,788.0612364450577,31.459388275276137,20.958708581138456,26.20904842820736,991.4909090909089,25.350685847722286,1396.5789861631963,6.669575798063211,989.6931106545817,439.26746538908674,686.9142195121187,983054.222809917,642.657272949907,1950432.8645926213,1,1
76,Jharkhand,1973,783.5351919561243,30.19781223449445,20.558326253186117,25.378069243840276,1398.9045454545453,24.517472509288776,1801.107668433984,6.663815977132133,911.9078637497827,422.6447783324415,644.0463985451518,1956933.927293388,601.1064582437309,3243988.833291702,2,4
77,Jharkhand,1974,746.86912869022,31.01357264231086,20.483517417162282,25.748545029736615,1036.0545454545454,24.885714141118694,1435.3727143411352,6.61588997392107,961.8416880398926,419.5744857791906,662.9875711483742,1073409.0211570247,619.298768313475,2060294.829075038,3,9
78,Jharkhand,1975,933.9758163946294,30.62807986406115,20.404184367034894,25.516132115548025,1113.4772727272725,24.651067072863682,1509.9104875210135,6.8394505453825225,938.079276159308,416.33073968395115,651.0729981381013,1239831.6368801647,607.675107830824,2279829.6803259444,4,16
79,Jharkhand,1976,795.6551297148337,31.435853865760407,20.745390824129107,26.090622344944784,1030.45,25.22332314819402,1423.9982607008922,6.679165837835603,988.2129082694436,430.3712404458601,680.7205743465321,1061827.2025000001,636.2160306382202,2027771.046479166,5,25
80,Jharkhand,1977,1031.0766515380737,30.679439252336508,21.189103653355986,25.93427145284626,1413.709090909091,25.064738102029075,1804.3723975171342,6.938358828041031,941.227992837806,448.97811363266396,672.5864357899165,1998573.3937190084,628.2410961233081,3255759.748921731,6,36
81,Jharkhand,1978,961.5605278255881,30.449978759558185,21.11869158878513,25.784335174171574,1355.0227272727275,24.912567669287963,1742.801079787922,6.868557514504144,927.2012064575446,445.9991344222238,664.8319403740214,1836086.5914256205,620.6360278768519,3037355.603709947,7,49
82,Jharkhand,1979,569.0104166666666,32.25781648258285,21.463211554800342,26.860514018691628,871.7954545454545,25.986512359741596,1256.6888529678001,6.343898740930055,1040.5667242239936,460.66945024611493,721.4872133483294,760027.3145661156,675.2988246230027,1579266.873173525,8,64
83,Jharkhand,1980,911.1111111111111,30.752740016992295,21.203887000849594,25.978313508920966,1326.5409090909093,25.102077695904512,1708.549353420406,6.814664855916125,945.7310185527192,449.6048239447984,674.8727727677856,1759710.783491736,630.1143046512268,2919140.893073288,9,81
84,Jharkhand,1981,645.0428396572828,31.099936278674626,20.514507221750236,25.80722175021244,960.5272727272727,24.928751783129567,1339.6507629639207,6.469316732663496,967.2060365376221,420.8450065512426,666.0126944646381,922612.6416528925,621.4426654648855,1794664.1667098147,10,100
85,Jharkhand,1982,519.8957873606583,31.59995751911642,20.939231096006814,26.269594307561633,880.7318181818183,25.388890186412336,1256.9703543256173,6.253628382569111,998.5573152099623,438.4513988919787,690.0915850838745,775688.5355578514,644.5957448977047,1579974.471653468,11,121
86,Jharkhand,1983,995.04703984278,31.158751062022088,20.838147833474952,25.998449447748428,1121.8090909090906,25.115511172532706,1495.162672960041,6.902790012265007,970.8677677450626,434.2284051297569,675.9193736871305,1258455.6364462804,630.7889014576152,2235511.4186130143,12,144
87,Jharkhand,1984,932.4121473384397,30.059643160577643,20.091588785046707,25.075615972812283,1390.8772727272726,24.19044354353014,1761.3459006853739,6.837774935110242,903.5821469412623,403.6719399074146,628.7865164159585,1934539.587789256,585.177558832719,3102339.3818611708,13,169
88,Jharkhand,1985,945.247057492789,30.56792693288012,20.4472387425659,25.507582837723046,1125.1499999999999,24.62017625437448,1492.7336738652523,6.851446329825482,934.3981569738978,418.08957219548796,650.6367822233033,1265962.5224999997,606.153078796465,2228253.8210912533,14,196
89,Jharkhand,1986,854.5245314490008,30.523237043330518,20.603334749362798,25.56328589634664,1186.1045454545454,24.673645158931652,1550.803265226949,6.750545210685401,931.6679996033444,424.49740279430057,653.4815858183549,1406843.9927479336,608.7887654288713,2404990.767438567,15,225
90,Jharkhand,1987,851.5903594036234,31.235152931181013,20.746006796941455,25.99057986406118,1358.840909090909,25.09870497257977,1720.6546747704638,6.747105612386462,975.6347786342658,430.39679801874104,675.5102416701424,1846448.616219008,629.9449913006006,2960652.5098094502,16,256
91,Jharkhand,1988,950.4555225713993,31.27591333899742,20.500849617672024,25.888381478334676,1163.5636363636365,24.994272432786843,1522.4924479503425,6.856941367116001,978.1827551884767,420.2848350464032,670.2082955677819,1353880.335867769,624.7136544443683,2317983.254065826,17,289
92,Jharkhand,1989,1002.1693958363284,30.84403143585385,20.331839422260032,25.587935429056877,1201.3227272727274,24.691592229442623,1557.3665847665845,6.9099223250770505,951.3542752159406,413.38369429256716,654.7424395215842,1443176.2950619839,609.6747268250713,2425390.679347535,18,324
93,Jharkhand,1990,1032.5150916005964,30.520199660152908,20.48776550552261,25.503982582837768,1288.2954545454543,24.605405229157093,1641.4543579464626,6.9397529412906875,931.4825872955977,419.7485354092821,650.4531275856922,1659705.1782024787,605.4259664910312,2694372.4092214336,19,361
94,Jharkhand,1991,710.5268544991777,30.53266779949022,20.646644010195455,25.589655904842864,1214.709090909091,24.688844397095767,1564.9830402172504,6.566006743443821,932.2438029540269,426.28390888373985,654.8304893282593,1475518.1755371902,609.5390376640071,2449171.916167628,20,400
95,Jharkhand,1992,703.6999130034286,31.076571792693287,20.56937128292271,25.822971537808,943.4272727272727,24.91992587599448,1290.8162679425832,6.556352005345138,965.75331438642,423.09903497472544,666.8258590424422,890055.0189256198,621.0027056650592,1666206.6375852188,21,441
96,Jharkhand,1993,1005.5017161316373,30.91941376380635,20.670093457944006,25.794753610875095,1247.1727272727273,24.88947379499515,1591.6767683951891,6.913241915955792,956.0101474974575,427.2527635601396,665.3693138457537,1555439.8116528927,619.4859057917504,2533434.9350489527,22,484
97,Jharkhand,1994,1153.791774669753,30.715016992353387,20.722875955819912,25.71894647408672,1405.1,24.811432504140356,1746.7190870296129,7.050808992892675,943.4122688405573,429.437587880299,661.4642077369377,1974306.0099999998,615.6071829075125,3051027.568993564,23,529
98,Jharkhand,1995,1153.791774669753,30.926125743415408,20.956159728122387,25.94114273576891,1360.7590909090911,25.031394611756124,1699.4932238458553,7.050808992892675,956.4252534975412,439.16063055057856,672.9428864375361,1851665.303491736,626.5707162094535,2888277.217897978,24,576
99,Jharkhand,1996,1153.791774669753,30.755989804587895,20.45448173322004,25.605235768904006,1254.5727272727274,24.693253490824798,1590.4219061166427,7.050808992892675,945.9309088599146,418.3858229746322,655.6280987811612,1573952.7280165292,609.7567679621311,2529441.8394556954,25,625
100,Jharkhand,1997,1153.791774669753,30.56745964316056,21.263700084961798,25.9155798640612,1510.7863636363638,25.001363431915568,1843.7505883874303,7.050808992892675,934.3695890362495,452.14494130320435,671.6172796905344,2282475.436549587,625.068173454725,3399416.2321789954,26,676
101,Jharkhand,1998,1153.791774669753,31.144286321155352,21.844711129991502,26.49449872557352,1263.7181818181818,25.578048139361467,1593.7974524763995,7.050808992892675,969.9665704541044,477.1914043527746,701.958462719417,1596983.6430578514,654.2365466194926,2540190.3195202607,27,729
102,Jharkhand,1999,789.7455010116068,30.425615972812153,21.0064783347494,25.71604715378089,1681.090909090909,24.797362413502416,2008.2852256562778,6.67171074294119,925.7181073250421,441.2721320282959,661.3150812154823,2826066.6446280987,614.9091826665824,4033209.5475892867,28,784
103,Jharkhand,2000,1483.8469473497244,31.082349192863294,20.506924384027236,25.794636788445178,1164.409090909091,24.87371789410028,1488.718453381611,7.302393283199444,966.1124313470895,420.53394769221086,665.3632870478094,1355848.5309917356,618.7018418752846,2216282.633438936,29,841
104,Jharkhand,2001,1796.9999473905723,30.531627017841945,21.097642310960122,25.814634664401073,1200.6499999999999,24.891481615989754,1522.074408379671,7.493873857507305,932.1802483566162,445.1105110812148,666.3953628564975,1441560.4224999996,619.5858570391559,2316710.5046443255,30,900
105,Jharkhand,2002,1497.5131211775079,30.99953271028036,20.702378929481736,25.850955819881108,1195.0818181818183,24.925568617403364,1513.6212724686407,7.311561092006315,960.971028255742,428.5884933398493,668.271916801445,1428220.5521487608,621.2839709008834,2291049.356469587,31,961
106,Jharkhand,2003,1571.9943381420012,30.581605777400124,20.87102803738311,25.726316907391734,1207.2863636363634,24.79869555084757,1522.9408638303369,7.360100371291827,935.2346119243126,435.5998113372318,661.8433816195497,1457540.3638223135,614.975301023627,2319348.8747242927,32,1024
107,Jharkhand,2004,1435.6394784684194,30.940909090909106,20.301911639762167,25.621410365335617,1165.4272727272726,24.69155485472503,1478.1968188283972,7.26936565852506,957.3398553719018,412.1676162287106,656.4566691089274,1358220.7280165285,609.6728811438952,2185065.8351943935,33,1089
108,Jharkhand,2005,1513.8198412109518,31.322875955819914,20.76495327102805,26.043914613424043,1163.6909090909091,25.111824948747035,1473.575501099185,7.322391431679747,981.1225581436813,431.1832843479786,678.2854883913225,1354176.5319008266,630.603752256514,2171424.757439714,34,1156
109,Jharkhand,2006,1114.4319417943186,30.773088360237832,20.928122344944835,25.85060535259131,1200.277272727273,24.91628153384788,1507.2769106427,7.016100084827905,946.9829672270051,437.98630488497935,668.2537970954224,1440665.5314256204,620.8210854739689,2271883.6853566016,35,1225
110,Jharkhand,2007,2151.321145053587,30.76374256584533,20.73899745114694,25.751370008496142,1358.7136363636362,24.814812035686288,1662.8283201862143,7.673837418473885,946.4078566576038,430.10601527867925,663.1330573144746,1846102.7456404953,615.774896366441,2764998.0224133073,36,1296
111,Madhya Pradesh,1971,803.7777624022694,29.7808021806853,18.763794781931505,24.272298481308408,1201.4291666666666,23.23902922998008,1358.6859204599332,6.6893228160467695,886.8961785251103,352.07999461843997,589.1444735657265,1443432.0425173608,540.0524795518685,1846027.4304560558,0,0
112,Madhya Pradesh,1972,611.5583075335398,31.663629283488998,19.536117601246147,25.599873442367723,840.4041666666666,24.554250408333914,1001.3258011300769,6.416010302230836,1002.585419402222,381.6598909297195,655.3535202652442,706279.1633506943,602.9112131151662,1002653.3600087904,1,1
113,Madhya Pradesh,1973,727.8868031854381,30.399669003115182,19.643915498442325,25.021792250778788,1271.78125,23.9638154340395,1436.3677651335543,6.59014554597695,924.139875498962,385.8834161099426,626.0900874411334,1617427.5478515625,574.2644501567097,2063152.3567147614,2,4
114,Madhya Pradesh,1974,440.3283369022127,31.362918613707134,19.30256035825547,25.332739485981346,877.4458333333332,24.262408886536576,1045.6972291370312,6.087520668860723,983.6326639700173,372.58883638409554,641.7476898645984,769911.1904340276,588.664484977489,1093482.6950248647,3,9
115,Madhya Pradesh,1975,772.7781665500353,30.61428154205606,19.23128894081001,24.922785241433164,1131.1645833333334,23.840100859282916,1303.0808598071753,6.649992030105355,937.2342343362743,369.8424743249214,621.1452241905987,1279533.3145876739,568.350408980782,1698019.7271958073,4,16
116,Madhya Pradesh,1976,599.8236809982369,31.394674844236793,20.10704828660436,25.75086156542057,1014.4499999999999,24.65582340056484,1190.0311571439856,6.396635747026427,985.6256085753545,404.29339079983936,663.1068713614544,1029108.8024999999,607.9096275598408,1416174.1549734534,5,25
117,Madhya Pradesh,1977,785.9566692769512,31.19434384735203,20.155305685358346,25.674824766355133,1124.7312499999996,24.567432818793925,1303.9772878141289,6.666901662763222,973.0870880668294,406.23634727023847,659.1966267830429,1265020.3847265616,603.5587553059528,1700356.7671350916,6,36
118,Madhya Pradesh,1978,663.2484076433122,30.732350077881676,19.674659267912684,25.20350467289711,1058.8479166666668,24.083758942630425,1241.75883515094,6.497149592175634,944.4773413094739,387.09221730846247,635.2166477967465,1121158.9106293407,580.027444806731,1541965.0046754195,7,49
119,Madhya Pradesh,1979,231.06808902936913,32.50555880062292,20.5149922118379,26.5102755062305,656.9958333333333,25.37817599325833,843.5716324877504,5.442712424792173,1056.6113529407542,420.8649054517697,702.7947074162447,431643.52501736104,644.0518167447935,711613.0991380482,8,64
120,Madhya Pradesh,1980,780.9822771564972,31.29530763239857,19.96470015576316,25.630003894080982,1076.597916666667,24.485550598403336,1266.8385964912281,6.660552457080923,979.3962798064641,398.58925230952957,656.8970996106063,1159063.0741710078,599.54218810697,1604880.0295598647,9,81
121,Madhya Pradesh,1981,671.4880126808005,31.175457554517077,19.478163940809942,25.32681074766352,910.2958333333335,24.17000366928039,1104.2013938280384,6.509496164248926,971.9091537334959,379.3988705050687,641.4473426479643,828638.504184028,584.1890773730275,1219260.7181317827,10,100
122,Madhya Pradesh,1982,677.4922918807811,31.704380841121527,20.120813862928376,25.912597352025024,974.7958333333331,24.743436490936418,1172.3662744981816,6.518398175391394,1005.1677645188737,404.8471505066107,671.4627015281743,950226.9166840274,612.237649381004,1374442.6815807456,11,121
123,Madhya Pradesh,1983,837.0084407511614,31.03145443925238,19.313259345794464,25.172356892523364,1136.154166666667,23.990842248729276,1337.3894885016593,6.729834154968091,962.9511646153961,373.0019865579172,633.6475515245685,1290846.2904340283,575.5605118034135,1788610.64395473,12,144
124,Madhya Pradesh,1984,492.30873945004083,31.187344236760126,18.962500000000023,25.074922118380144,922.3791666666667,23.881053691880577,1127.279369171803,6.19910603889186,972.650440542175,359.5764062500009,628.7517192428297,850783.3271006945,570.304725434483,1270758.776160378,13,169
125,Madhya Pradesh,1985,895.7697056338943,31.081240264797582,19.556405763239848,25.3188230140188,1012.464583333333,24.112600804813752,1221.029666508613,6.797683354976183,966.0434963980745,382.45300637648074,641.042798815208,1025084.5325043397,581.4175175723049,1490913.4464941346,14,196
126,Madhya Pradesh,1986,637.6059391629985,31.544295171339474,19.445560747663432,25.494927959501574,913.9562499999998,24.276351967591047,1126.1862138454237,6.457720442305581,995.0425578565909,378.1298327910688,649.991351660175,835316.0269140622,589.3412648543617,1268295.3882554905,15,225
127,Madhya Pradesh,1987,717.3532686495944,32.57820288161993,19.909005062305297,26.243603971962617,854.0479166666664,25.012674197346612,1069.942761182234,6.5755684230958,1061.339302995989,396.368482570898,688.7267494372121,729397.8439626732,625.633870502609,1144777.5122062631,16,256
128,Madhya Pradesh,1988,838.2485511912429,31.673899922118316,19.634978582554464,25.65443925233649,951.9854166666665,24.411155695015005,1171.545141852378,6.731314656971737,1003.2359362763667,385.5323839373725,658.1502533518233,906276.2335460067,595.9045223662634,1372518.0193979086,17,289
129,Madhya Pradesh,1989,694.1430208263125,31.857632398754028,19.4298189252336,25.643725661993773,780.9229166666669,24.38808832196681,1004.1475225225222,6.542678021157145,1014.9087420541423,377.5178634673658,657.600665827598,609840.6017751739,594.7788520000538,1008312.2469881192,18,324
130,Madhya Pradesh,1990,919.8047879707184,30.51645249221195,19.605850856697792,25.061151674454837,1237.0395833333334,23.79316055172239,1463.9290698593327,6.824161460539893,931.253872709429,384.38938781507755,628.0613232500305,1530266.9307335073,566.1144890400385,2143088.321579211,19,361
131,Madhya Pradesh,1991,617.536699361464,31.612422118380124,19.35611370716505,25.484267912772527,828.3250000000002,24.203923007334602,1058.879367196143,6.425738498900425,999.3452321906489,374.65913784470274,649.4479110499674,686122.3056250003,585.8298889449812,1121225.5142737043,20,400
132,Madhya Pradesh,1992,746.9997391077485,32.03594236760133,19.621261682242956,25.828602024921995,911.8583333333332,24.53590333677859,1146.07758119962,6.616064835879407,1026.301603380274,384.9939100030557,667.1166825618046,831485.6200694443,602.0105525517426,1313493.8221283716,21,441
133,Madhya Pradesh,1993,855.196803981924,31.708440420560727,19.867182632398716,25.787811526479658,1047.310416666667,24.482759055630773,1285.1945452030975,6.751331622545204,1005.4251939042493,394.7049457490852,665.0112233252371,1096859.1088585076,599.4054909760706,1651725.0190197967,22,484
134,Madhya Pradesh,1994,902.5755166931636,30.801207165108973,19.205295950155694,25.003251557632407,1293.789583333334,23.685845304078043,1535.3385925399084,6.805252361712753,948.7143628279604,368.8433925330667,625.1625884542474,1673891.4859418417,561.0192677687158,2357264.593742427,23,529
135,Madhya Pradesh,1995,740.333586050038,32.30691199376967,20.21062110591902,26.258766549844196,886.9041666666666,24.92900651358435,1132.1180565433847,6.607100876581556,1043.7365625731784,408.4692054870194,689.5228207192165,786599.0008506943,621.455365754331,1281691.2939515703,24,576
136,Madhya Pradesh,1996,815.4093097913324,31.22955607476637,19.500720404984406,25.365138239875368,1050.5916666666665,24.023024420910044,1299.4704372135286,6.703690207773166,975.2851726269772,380.27809631337516,643.3902379279876,1103742.850069444,577.1057023276404,1688623.4171919192,25,625
137,Madhya Pradesh,1997,735.374149659864,30.137353971962625,20.126236370716445,25.131795171339597,1178.0937500000002,23.777327569668792,1430.6374012170063,6.600379416848563,908.2601044313714,405.06539044994946,631.6071285341683,1387904.883789063,565.3613063553316,2046723.3737609494,26,676
138,Madhya Pradesh,1998,872.7682766397293,31.49523948598135,20.511419392523347,26.003329439252298,957.5958333333333,24.636508054876014,1213.804365220483,6.77167008720355,991.9501102793188,420.7183254959828,676.1731419262852,916989.780017361,606.9575291379707,1473321.0370282999,27,729
139,Madhya Pradesh,1999,1005.409219190969,30.728125000000095,19.532427959501554,25.130276479750734,1163.0020833333335,23.75110131266897,1422.875495890627,6.9131499208911595,944.2176660156308,381.515741993118,631.5307959487129,1352573.845837674,564.1148135646656,2024574.6768059977,28,784
140,Madhya Pradesh,2000,574.3903875603722,31.96513823987538,19.347799844236693,25.6564690420561,743.4520833333335,24.264940092268855,1006.9903765607709,6.3533092828453315,1021.7700626943433,374.3373588126454,658.254403705983,552721.0002126738,588.7873176813964,1014029.6184860031,29,841
141,Madhya Pradesh,2001,954.4785415015286,31.541355140186795,19.775253115264807,25.65830412772587,977.3083333333333,24.254421395233148,1244.5115072309145,6.861165161510817,994.857084079388,391.0606357727904,658.3485707108745,955131.5784027777,588.2769572175434,1548808.8916301625,30,900
142,Madhya Pradesh,2002,613.3085991263239,32.48318730529582,20.060815809968858,26.27200155763247,769.6791666666664,24.855765042434268,1040.5472212343916,6.4188682336103176,1055.1574575109316,402.4363309614965,690.218065844243,592406.0196006941,617.8090558446974,1082738.5196186139,31,961
143,Madhya Pradesh,2003,1020.2504974833196,31.27414330218061,19.995755451713418,25.634949376947098,1045.7208333333333,24.206359079043416,1320.2537685712023,6.927803461895029,978.0720392853284,399.8302360847269,657.1506295586404,1093532.061267361,585.9478198635876,1743070.0134264617,32,1024
144,Madhya Pradesh,2004,777.4424907476098,31.666929517134008,19.12405568535839,25.395492601246147,720.8874999999999,23.954548520636983,999.0853159080126,6.6560096744336015,1002.7944250431331,365.72950585668855,644.9310444599478,519678.7876562499,573.8203948275515,998171.4684630133,33,1089
145,Madhya Pradesh,2005,992.3720012279132,31.746193535825803,19.180218068535865,25.463205802180738,884.4104166666667,24.009907938866096,1166.2731132448232,6.900098038227298,1007.820804014108,367.8807651565897,648.3748497242108,782181.785108507,576.4756792328252,1360192.9746777723,34,1156
146,Madhya Pradesh,2006,829.9033520050323,31.42944898753903,20.363084112149537,25.89626654984425,934.6479166666663,24.430614903824125,1220.1754939149666,6.7213092506431575,987.8102636603181,414.65519455847686,670.6166212205821,873566.7281293396,596.8549445789535,1488828.2359506327,35,1225
147,Madhya Pradesh,2007,534.9318001100984,31.733411214953133,19.74934774143303,25.74137947819326,852.1020833333332,24.263374049467657,1141.2945412517774,6.282139262340473,1007.0093873373132,390.036736212046,662.6186174403491,726077.9604210068,588.7113202643806,1302553.229891105,36,1296
148,Rajasthan,1971,1201.8072289156626,31.740420560747577,19.29732768691591,25.51887412383163,608.209375,25.04822158414841,622.7437233285917,7.0915817269555115,1007.4542973731275,372.38685585621135,651.2129365479635,369918.64383789065,627.4134045285983,387809.7449451576,0,0
149,Rajasthan,1972,601.7699115044248,33.09926985981315,19.38279789719629,26.241033878504762,422.5281250000001,25.74996129287637,440.2892203058322,6.399875165445903,1095.561665252735,375.69285432355696,688.5918590128347,178530.01641601571,663.0605065846313,193854.59751751766,1,1
150,Rajasthan,1973,891.5662650602409,31.777234228971842,19.58206775700942,25.679650992990634,769.775,25.168158361417074,790.7628422830725,6.792979764389709,1009.7926152429396,383.4573776401079,659.4444751218049,592553.5506249999,633.4361953053682,625305.8727356034,2,4
151,Rajasthan,1974,772.4458204334364,32.743793808411304,19.33421436915892,26.039004088785187,484.63750000000005,25.507091411266455,508.85208926031294,6.649561870951054,1072.1560329677545,373.8118452725913,678.0297339357717,234873.50640625003,650.6117122627029,258930.44874458548,3,9
152,Rajasthan,1975,1442.5697598961713,31.609345794392567,19.183294392523358,25.396320093457934,799.1406249999999,24.843987369994032,826.5819612375532,7.274181357626218,999.1507415494831,367.9987837502181,644.9730742893752,638625.7385253904,617.223708440423,683237.7386433198,4,16
153,Rajasthan,1976,1339.622641509434,32.09493282710273,19.813492990654265,25.95421290887856,707.4562499999998,25.381460139469485,738.1243332147935,7.200143242471331,1030.0847131762366,392.5745044907057,673.6211677193985,500494.34566406225,644.2185188114784,544827.5312837835,5,25
154,Rajasthan,1977,1286.4157119476267,32.367552570093345,20.05731600467295,26.21243428738319,716.3562500000002,25.619261472028946,750.2510801920342,7.159615112239748,1047.6584593777563,402.2959253113096,687.0917112703819,513166.27691406274,656.3465583721867,562876.6833293142,6,36
155,Rajasthan,1978,1107.787274453941,32.13582067757013,19.690347546728955,25.913084112149527,649.9218750000001,25.29949125085011,687.0434521692746,7.010119858309646,1032.710970620944,387.70978651097494,671.4879282033362,422398.4436035158,640.0642575518413,472028.7051686743,7,49
156,Rajasthan,1979,541.2844036697247,33.17996495327101,20.77022488317767,26.97509491822427,419.45937500000014,26.341082010979683,459.807699146515,6.293944840658713,1100.9100743002925,431.4022416977728,727.6557458472088,175946.16727539073,693.8526015091575,211423.12019441207,8,64
157,Rajasthan,1980,880.281690140845,32.96863317757012,20.339967873831757,26.654300525700886,457.859375,25.99986757251113,501.43444612375527,6.7802419586831775,1086.9307735971772,413.71429310850795,710.4517365143786,209635.20727539062,675.9931137881157,251436.5037594372,9,81
158,Rajasthan,1981,990.0,32.62063376168227,19.932184579439244,26.276409170560683,519.90625,25.601556171425756,566.7080681009957,6.897704943128636,1064.1057470138053,397.2919821088356,690.4496788987256,270302.5087890625,655.4396783986682,321158.03445076273,10,100
159,Rajasthan,1982,771.1148648648648,33.04068341121503,20.137353971962582,26.58901869158878,505.73125,25.893745646508684,555.759815078236,6.647837344133155,1091.6867602801399,405.5130249921172,706.9759149816575,255764.0972265625,670.4860636060874,308868.9720557951,11,121
160,Rajasthan,1983,1350.3105590062112,32.38276869158874,19.205330023364525,25.79404935747666,634.803125,25.07835626645139,688.0584370554765,7.208089888684783,1048.6437081329398,368.8447013063468,665.332982255942,402975.0075097657,628.9239530270617,473424.4128032251,12,144
161,Rajasthan,1984,1252.501471453796,32.463858060747725,19.274839369158908,25.86934871495323,498.78749999999997,25.13323557798279,555.2695590327169,7.13289800777174,1053.902080188375,371.51943270687815,669.2232029358523,248788.97015624997,631.67953061838,308324.28318838787,13,169
162,Rajasthan,1985,907.9147640791476,32.51609228971963,19.922094042056045,26.219093165887863,465.95624999999995,25.46255998297225,525.6650560099572,6.811150502035497,1057.2962577935643,396.889831020525,687.4408464415076,217115.22691406246,648.3419608864599,276323.7511099514,14,196
163,Rajasthan,1986,883.8146406984553,32.920998831775755,19.617260514018678,26.269129672897122,427.31562499999995,25.492176444036343,490.2511779871976,6.78424735818339,1083.7921640817806,384.83691007487636,690.067173771484,182598.6433691406,649.8510598538813,240346.21751783488,15,225
164,Rajasthan,1987,791.8410041841005,34.77475175233642,20.648671144859783,27.711711448598155,313.15312499999993,26.914338173792203,379.31542496443797,6.674360619368184,1209.283359436625,426.367620048565,767.938951410366,98064.87969726558,724.3815993332482,143880.19161595218,16,256
165,Rajasthan,1988,1422.3938223938223,32.982695677570014,20.3445239485981,26.663609813084147,532.4031249999998,25.845816492333025,601.7921719416782,7.260096521663751,1087.8582141591958,413.89965469508155,710.9480882643973,283453.0875097654,668.0062301553538,362153.8182102824,17,289
166,Rajasthan,1989,1271.885521885522,33.040990070093464,20.012426985981346,26.52670852803738,420.91249999999997,25.688495161341084,493.5282939189188,7.148255741332286,1091.7070248120149,400.49723386923444,703.666265331451,177167.33265624996,659.8987836542443,243570.1768985187,18,324
167,Rajasthan,1990,1182.7259111333,32.148233060747636,20.023043224299048,26.08563814252346,647.53125,25.227004729881997,723.3737908961592,7.075577147475104,1033.5088889281474,400.922259962148,680.4605173026748,419296.7197265625,636.4017676414886,523269.6413554803,19,361
168,Rajasthan,1991,852.6473526473526,33.120400116822445,20.177891355140225,26.649145735981417,435.80625,25.77009227739478,514.8755378733996,6.748346041901412,1096.9609038984122,407.14729953984266,710.1769684575765,189927.0875390625,664.0976559854421,265096.8195004225,20,400
169,Rajasthan,1992,1233.695652173913,32.80419100467289,19.85189836448598,26.328044684579428,593.81875,25.428571180047623,676.11478485064,7.117769538854554,1076.1149474710617,394.0978686738811,693.1659369132111,352620.70785156253,646.6122322587486,457131.20229362726,21,441
170,Rajasthan,1993,1016.5553502913173,33.35876168224295,20.099109228971994,26.728935455607647,495.8312500000001,25.809041905130673,581.3540318278806,6.924175083421977,1112.8069809726805,403.97419179814716,714.4359905900396,245848.62847656262,666.1066440607912,337972.5103225324,22,484
171,Rajasthan,1994,1088.6123680241326,32.19069801401878,19.08555782710282,25.638127920560727,665.46875,24.69781432413858,754.2182788051208,6.9926591073393185,1036.2410386297524,364.2585175716858,657.3136032710355,442848.6572265625,609.9820323896248,568845.2120837589,23,529
172,Rajasthan,1995,842.7844289913256,33.32203563084117,20.663303154205643,26.992669392523354,571.303125,26.031935750156038,663.2794007823611,6.73671120642871,1110.3580585830487,426.9720972426049,728.6042009340671,326387.26063476567,677.661678900252,439939.56350220804,24,576
173,Rajasthan,1996,1184.419821901978,32.32838785046727,19.568326518691546,25.948357184579375,590.325,24.967203496266887,685.5280227596016,7.077008331904667,1045.12466101024,382.9194027421268,673.317240578512,348483.605625,623.3612504240015,469948.6699886889,25,625
174,Rajasthan,1997,1164.0156613238712,30.737383177570134,20.15309579439246,25.445239485981265,699.8562500000002,24.443665751723607,798.286019736842,7.059631082946463,944.7867246047715,406.14727009795905,647.4602124989401,489798.7706640627,597.4927953819856,637260.5693072898,26,676
175,Rajasthan,1998,1222.7048253703815,32.7239924065421,20.66451518691584,26.694253796728958,572.8437500000001,25.672260016526128,674.5002667140825,7.108820753629951,1070.859679023425,427.02218791027536,712.5831857641784,328149.9619140626,659.0649343561261,454950.6097973684,27,729
176,Rajasthan,1999,1261.5492183988415,32.91940712616828,20.007710280373857,26.46355870327097,454.74375,25.42114487712297,559.6270136913226,7.14009578309397,1083.687365538419,400.3084706633777,700.3199392414687,206791.87816406248,646.2346068636754,313182.3944530678,28,784
177,Rajasthan,2000,936.4926629781093,33.340712616822586,20.575540303738286,26.958126460280415,342.309375,25.895292588187242,450.4193856685631,6.842141687339955,1111.6031177975528,423.3528587907586,726.740582248471,117175.70821289062,670.5661782278252,202877.62298604578,29,841
178,Rajasthan,2001,1247.02216066482,32.996699766355256,20.259886098130817,26.6282929322431,494.9906250000001,25.545039014204757,606.3273826458036,7.128513716704825,1088.782195470989,410.4629847092343,709.0659844853477,245015.71883789072,652.5490182372432,367632.8949461107,30,900
179,Rajasthan,2002,812.7542474276145,34.26626752336453,21.096422313084155,27.68134491822427,268.75624999999997,26.577670954240755,383.3197546230439,6.700428785165578,1174.177089982787,445.059034411995,766.2568564817005,72229.92191406248,706.3725933518926,146934.03428427057,31,961
180,Rajasthan,2003,1652.9936816768627,32.458688668224255,20.186638434579482,26.322663551401742,512.9312500000001,25.19856954147306,630.7215016002845,7.410343275476673,1053.5664700607097,407.50037128844156,692.8826164402938,263098.4672265626,634.9679069364538,397809.6125809176,32,1024
181,Rajasthan,2004,1484.0323201231245,33.02367114485981,20.26076226635511,26.64221670560738,495.3593750000001,25.497702649733526,616.3763735775249,7.302518202548875,1090.5628558838466,410.498487613759,709.8077109885451,245380.91040039074,650.1328404142281,379919.8339045805,33,1089
182,Rajasthan,2005,1424.0501618725114,33.04084404205613,19.684813084112147,26.362828563084157,470.6312500000001,25.197894461265133,594.8749955547652,7.261260317385566,1091.697375011476,387.49186615643276,694.9987298465659,221493.77347656258,634.9338852810561,353876.2603362819,34,1156
183,Rajasthan,2006,1575.966517567141,32.61412091121494,20.367494158878458,26.490807535046805,657.940625,25.30545338728261,785.4111175320054,7.362624024993627,1063.6808828113476,414.8348183119481,701.7628838588926,432885.86602539057,640.365971135933,616870.6235428735,35,1225
184,Rajasthan,2007,2031.2522001705377,32.94205607476612,20.35573890186921,26.64889748831779,492.20312499999994,25.443123294608423,622.9003645092458,7.616407729238341,1085.1790584330356,414.3561062410715,710.1637373428701,242263.91625976557,647.3525229846458,388004.86410575133,36,1296
